Epochs,AWD
1,0.7809003589598226
100,0.8098347280640616
1000,0.863545099562716
200,0.8280856080236756
2500,0.8999921496734747
300,0.8344303408208238
400,0.8887068074994611
500,0.941188271345384
5000,0.7735360436056383
